{   
	"tabularisation": {
		"enable": 0,
		"resolution": 0.005
	},

	"species": [
	// Hydrogen data
    {
        "Name": "Hydrogen", "ChemSymb": "H ",
        "NElectrons": 1, "NOrbitals": 1, "NShells": 1,
        "l": [0],
        "U": 13.60569,
        "I": 0.0,
        "e":[
            [-4.74946]
            ],
        "so": [0.0]
    },
    // Carbon data
    {
        "Name": "Carbon", "ChemSymb": "C ",
         "NElectrons": 4, "NOrbitals": 4, "NShells": 2,
         "l": [0, 1],
         "U": 13.60569,
         "I": 0.0,
         "e": [[-2.990,   0.0,   0.0,   0.0],
         	   [   0.0, 3.710,   0.0,   0.0],
         	   [   0.0,   0.0, 3.710,   0.0],
         	   [   0.0,   0.0,   0.0, 3.710]],
         "so": [0.0, 0.0]
    }],

    // Carbon-Carbon hamiltonian model parameters
    "hamiltonian": [	
    	[
    		// Hydrogen-Hydrogen
	        [
		        // ss_sigma
		        {"v0": -0.441, "r0": 2.1393, "rc": 0.7103, "rcut": 1.22, "r1": 1.1, "n": 0.4495, "nc": 1.5650}
	        ],
	        // Hydrogen-Carbon
	        [
		        // ss_sigma
		        {"v0": -6.523, "r0": 1.0840, "rc": 1.20011, "rcut": 1.85, "r1": 1.55, "n": 0.5663, "nc": 3.1955},
		        // sp_sigma
		        {"v0":  6.811, "r0": 1.0840, "rc": 1.20011, "rcut": 1.85, "r1": 1.55, "n": 0.5663, "nc": 3.1955}
	        ]
        ],
        [
			// Carbon-Hydrogen
	        [
		        // ss_sigma
		        {"v0": -6.523, "r0": 1.0840, "rc": 1.20011, "rcut": 1.85, "r1": 1.55, "n": 0.5663, "nc": 3.1955},
		        // ps_sigma
		        {"v0": -6.811, "r0": 1.0840, "rc": 1.20011, "rcut": 1.85, "r1": 1.55, "n": 0.5663, "nc": 3.1955}
	        ],
	        // Carbon-Carbon
	        [
		        // ss_sigma
		        {"v0":   -5.0, "r0": 1.5363, "rc": 2.18, "rcut": 2.6, "r1": 2.45, "n": 2, "nc": 6.5},
		        // sp_sigma
		        {"v0":    4.7, "r0": 1.5363, "rc": 2.18, "rcut": 2.6, "r1": 2.45, "n": 2, "nc": 6.5},
		        // ps_sigma
		        {"v0":   -4.7, "r0": 1.5363, "rc": 2.18, "rcut": 2.6, "r1": 2.45, "n": 2, "nc": 6.5},
		        // pp_sigma
		        {"v0":    5.5, "r0": 1.5363, "rc": 2.18, "rcut": 2.6, "r1": 2.45, "n": 2, "nc": 6.5},
		        // pp_pi
		        {"v0": -1.550, "r0": 1.5363, "rc": 2.18, "rcut": 2.6, "r1": 2.45, "n": 2, "nc": 6.5}
	        ]
        ]
    ],

	"pairpotentials": [
        [
	        // Hydrogen-Hydrogen
	        {"v0":   0.0546, "r0": 2.3010, "rc": 0.3561, "rcut": 1.22, "r1": 1.06, "n": 1.0200, "nc": 0.8458},
	        // Hydrogen-Carbon
	        {"v0":  11.4813, "r0": 1.0840, "rc": 1.5474, "rcut": 1.85, "r1": 1.55, "n":  1.408, "nc": 3.5077}
        ],
        [
	        // Carbon-Hydrogen
	        {"v0": -11.4813, "r0": 1.0840, "rc": 1.5474, "rcut": 1.85, "r1": 1.55, "n":  1.408, "nc": 3.5077},
	   		// Carbon-Carbon
	        {"v0":  8.18555, "r0":   1.64, "rc": 2.1502, "rcut":  2.6, "r1": 2.57, "n":  3.303, "nc": 8.6655}
    	]
    ],

    "embedding": {"a1": 0.572115, "a2": -0.001789634, "a3": 0.00002353922, "a4": -0.0000001242511}
}
